<instrument>
	<property name="instrument_name" type="String">Bass</property>
	<property name="note_count" type="Integer">4</property>
	<property name="name_0" type="String">1G</property>
	<property name="freq_0" type="Integer">55</property>
	<property name="name_1" type="String">2D</property>
	<property name="freq_1" type="Integer">50</property>
	<property name="name_2" type="String">3A</property>
	<property name="freq_2" type="Integer">45</property>
	<property name="name_3" type="String">4E</property>
	<property name="freq_3" type="Integer">40</property>
</instrument>
