<instrument>
	<property name="instrument_name" type="String">Guitar</property>
	<property name="note_count" type="Integer">6</property>
	<property name="name_0" type="String">1E</property>
	<property name="freq_0" type="Integer">64</property>
	<property name="name_1" type="String">2B</property>
	<property name="freq_1" type="Integer">59</property>
	<property name="name_2" type="String">3G</property>
	<property name="freq_2" type="Integer">55</property>
	<property name="name_3" type="String">4D</property>
	<property name="freq_3" type="Integer">50</property>
	<property name="name_4" type="String">5A</property>
	<property name="freq_4" type="Integer">45</property>
	<property name="name_5" type="String">6E</property>
	<property name="freq_5" type="Integer">40</property>
</instrument>

